{
  "Format": "1.19.0",
  "Changes": [
    {
      "Action": "EditData",
      "Entries": {
        "Fri": "Hey, sorry if I seem cranky... I'm a little sore from work yesterday.#$c .5# I was trying out a new device that I made.#$e#I had to sort patient records for four hours straight! ",
        "Fri4": "My mother is a carpenter and my dad is a scientist. I guess it makes sense that I'm into building gadgets, even if they are for adults, they are still science.",
        "Introduction": "Oh! Aren't you the one who just moved in?#$b#I'm Maru. I've been looking forward to meeting you!$h#$e#You look strong and manly... It's exciting!",
        "Mon": "Whenever I'm struggling creating a device, I always take a walk.#$e#It's surprising how much a change of scenery can help.",
        "Mon6": "Sometimes my head gets so cluttered with nonsense I can hardly think. Does that ever happen to you?#$e#If you come to my house I can help you de-stress.",
        "Sat": "Do you want to have some fun? I made a new sex toy that you may want to try out. Although I think it still needs some fixing.",
        "Thu": "I plan on spending a lot of time with my telescope this summer. That's what I call the device I made. It looks like a telescope.",
        "Tue": "Have you met my mother? She's the town's carpenter. She helps me with some projects. She is very skillful with her hands.",
        "Tue2": "Stop by our house when you want.#$e#It's always nice to have you there.",
        "Wed": "On Tuesdays and Thursdays I work at Harvey's clinic.#$b#You can come see me. We are not usually very busy. I usually spend down time making blueprints for my projects.$h#$e#Being a farmer must be pretty easy, huh?",
        "fall_Fri": "Business is going well this season, most of the orders are from outside of the valley, but some local residents also want my devices.$s#$e#No, I can't tell you who they are.",
        "fall_Thu10": "You have a stain on your shirt. I think I know what it is.#$e#Don't worry...$h",
        "fall_Wed": "Bleh... I don't feel like working tomorrow. Come to the clinic to keep me company if you have nothing to do.",
        "summer_Sat": "Some time ago I tried one of Penny's buttplugs.#$e#It was okay but I want to take it to the next level.",
        "summer_Thu": "Sorry, I was just thinking about some gadgets I'm making.#$q 35/36 Thu_01_old#I've decided I'm going to build an automonous sex robot someday.#$r 35 30 Thu_0#That should be very easy for you#$r 36 -50 Thu_01_01#You should be more realistic#$r 35 40 Thu_01_02#It sounds challenging",
        "summer_Tue": "Lately I'm working on the ultimate dildo.#$e#When I finish it, everyone will want one.",
        "summer_Tue4": "Most of the people consider my devices mere sex toys, I suppose they are kind of right.#$e#I usually sell them, I don't need so many and it never hurts to have some extra money.",
        "summer_Wed": "Are you enjoying the season?#$e#I'm starting new projects, so far they are going well.$h",
        "winter_1": "Oh man, it's so cold... Hug me!$s",
        "winter_Sun": "I wish I could copy and paste you into my bed."
      },
    "Target": "Characters/Dialogue/Maru"
    }
  ],
  "Format": "1.6"
}
